timestamp_ms_since_epoch,approximate_rtt_ms(ping or through client),one_way_ms(through client),one_way_plus_processing(through client),connection_id,error,broadcast_round,message_size,connections_size
1754264864160,27.6811,-1,-1,0000023CD87847A0,no ping error,0,68695,1
1754264864270,15.05,-1,-1,0000023CD87847A0,no ping error,1,70286,1
1754264864358,16.8889,-1,-1,0000023CD87847A0,no ping error,2,67745,1
1754264864450,20.0468,-1,-1,0000023CD87847A0,no ping error,3,68417,1
1754264864545,14.2909,-1,-1,0000023CD87847A0,no ping error,4,68565,1
1754264864636,19.0157,-1,-1,0000023CD87847A0,no ping error,5,65149,1
1754264864731,16.1166,-1,-1,0000023CD87847A0,no ping error,6,68209,1
1754264864824,13.3464,-1,-1,0000023CD87847A0,no ping error,7,66304,1
1754264864917,14.6154,-1,-1,0000023CD87847A0,no ping error,8,65961,1
1754264865008,12.1998,-1,-1,0000023CD87847A0,no ping error,9,63565,1
1754264865087,12.7444,-1,-1,0000023CD87847A0,no ping error,10,65353,1
1754264865180,9.8558,-1,-1,0000023CD87847A0,no ping error,11,67229,1
1754264865258,14.7719,-1,-1,0000023CD87847A0,no ping error,12,66644,1
1754264865359,13.4596,-1,-1,0000023CD87847A0,no ping error,13,65792,1
1754264865445,13.5413,-1,-1,0000023CD87847A0,no ping error,14,65822,1
1754264865535,13.2137,-1,-1,0000023CD87847A0,no ping error,15,64446,1
1754264865629,14.34,-1,-1,0000023CD87847A0,no ping error,16,66812,1
1754264865722,12.5189,-1,-1,0000023CD87847A0,no ping error,17,67782,1
1754264865814,12.8468,-1,-1,0000023CD87847A0,no ping error,18,67510,1
1754264865908,11.7644,-1,-1,0000023CD87847A0,no ping error,19,67474,1
1754264866001,13.4706,-1,-1,0000023CD87847A0,no ping error,20,67429,1
1754264866093,17.9627,-1,-1,0000023CD87847A0,no ping error,21,67086,1
1754264866188,15.2696,-1,-1,0000023CD87847A0,no ping error,22,69900,1
1754264866281,13.6654,-1,-1,0000023CD87847A0,no ping error,23,66843,1
1754264866373,14.1978,-1,-1,0000023CD87847A0,no ping error,24,70153,1
1754264866465,18.2098,-1,-1,0000023CD87847A0,no ping error,25,66488,1
1754264866560,11.8874,-1,-1,0000023CD87847A0,no ping error,26,67117,1
1754264866651,15.2684,-1,-1,0000023CD87847A0,no ping error,27,69958,1
1754264866745,13.7974,-1,-1,0000023CD87847A0,no ping error,28,66867,1
1754264866838,15.0666,-1,-1,0000023CD87847A0,no ping error,29,68525,1
1754264866930,12.8269,-1,-1,0000023CD87847A0,no ping error,30,68397,1
1754264867024,22.696,-1,-1,0000023CD87847A0,no ping error,31,71254,1
1754264867117,16.275,-1,-1,0000023CD87847A0,no ping error,32,71161,1
1754264867211,14.9156,-1,-1,0000023CD87847A0,no ping error,33,68057,1
1754264867304,19.3894,-1,-1,0000023CD87847A0,no ping error,34,70050,1
1754264867395,17.6398,-1,-1,0000023CD87847A0,no ping error,35,66957,1
1754264867488,15.3883,-1,-1,0000023CD87847A0,no ping error,36,67246,1
1754264867579,25.0437,-1,-1,0000023CD87847A0,no ping error,37,67671,1
1754264867671,15.6454,-1,-1,0000023CD87847A0,no ping error,38,69057,1
1754264867764,12.3476,-1,-1,0000023CD87847A0,no ping error,39,66766,1
1754264867857,24.3093,-1,-1,0000023CD87847A0,no ping error,40,68433,1
1754264867951,15.8455,-1,-1,0000023CD87847A0,no ping error,41,69179,1
1754264868045,10.9007,-1,-1,0000023CD87847A0,no ping error,42,67707,1
1754264868136,12.7645,-1,-1,0000023CD87847A0,no ping error,43,67832,1
1754264868231,15.2758,-1,-1,0000023CD87847A0,no ping error,44,67214,1
1754264868322,16.7154,-1,-1,0000023CD87847A0,no ping error,45,69909,1
1754264868413,12.4897,-1,-1,0000023CD87847A0,no ping error,46,65764,1
1754264868509,10.6274,-1,-1,0000023CD87847A0,no ping error,47,67064,1
1754264868600,11.2862,-1,-1,0000023CD87847A0,no ping error,48,65554,1
1754264868678,14.4364,-1,-1,0000023CD87847A0,no ping error,49,69700,1
1754264868771,17.3805,-1,-1,0000023CD87847A0,no ping error,50,67969,1
1754264868862,20.7042,-1,-1,0000023CD87847A0,no ping error,51,66905,1
1754264868957,15.8248,-1,-1,0000023CD87847A0,no ping error,52,67082,1
1754264869048,13.9444,-1,-1,0000023CD87847A0,no ping error,53,65644,1
1754264869142,12.5164,-1,-1,0000023CD87847A0,no ping error,54,66245,1
1754264869235,12.3103,-1,-1,0000023CD87847A0,no ping error,55,65135,1
1754264869327,17.511,-1,-1,0000023CD87847A0,no ping error,56,67831,1
1754264869420,15.0309,-1,-1,0000023CD87847A0,no ping error,57,67855,1
1754264869519,14.1963,-1,-1,0000023CD87847A0,no ping error,58,67410,1
1754264869608,15.8817,-1,-1,0000023CD87847A0,no ping error,59,68565,1
1754264869699,12.4443,-1,-1,0000023CD87847A0,no ping error,60,66167,1
1754264869797,14.2897,-1,-1,0000023CD87847A0,no ping error,61,67942,1
1754264869887,21.8831,-1,-1,0000023CD87847A0,no ping error,62,65927,1
1754264869980,25.6918,-1,-1,0000023CD87847A0,no ping error,63,65952,1
1754264870087,14.216,-1,-1,0000023CD87847A0,no ping error,64,69483,1
1754264870178,18.1855,-1,-1,0000023CD87847A0,no ping error,65,66944,1
1754264870271,11.9417,-1,-1,0000023CD87847A0,no ping error,66,67516,1
1754264870372,12.4131,-1,-1,0000023CD87847A0,no ping error,67,66543,1
1754264870469,16.7513,-1,-1,0000023CD87847A0,no ping error,68,67161,1
1754264870568,10.701,-1,-1,0000023CD87847A0,no ping error,69,66837,1
1754264870658,20.305,-1,-1,0000023CD87847A0,no ping error,70,66991,1
1754264870749,9.6017,-1,-1,0000023CD87847A0,no ping error,71,64253,1
1754264870830,15.1879,-1,-1,0000023CD87847A0,no ping error,72,67572,1
1754264870926,14.8163,-1,-1,0000023CD87847A0,no ping error,73,69200,1
1754264871014,12.6287,-1,-1,0000023CD87847A0,no ping error,74,67243,1
1754264871109,13.2116,-1,-1,0000023CD87847A0,no ping error,75,68821,1
1754264871205,22.8584,-1,-1,0000023CD87847A0,no ping error,76,69519,1
1754264871309,13.3987,-1,-1,0000023CD87847A0,no ping error,77,68362,1
1754264871400,12.86,-1,-1,0000023CD87847A0,no ping error,78,67894,1
1754264871494,18.9539,-1,-1,0000023CD87847A0,no ping error,79,67758,1
1754264871586,13.6462,-1,-1,0000023CD87847A0,no ping error,80,66897,1
1754264871680,26.6232,-1,-1,0000023CD87847A0,no ping error,81,68637,1
1754264871787,13.845,-1,-1,0000023CD87847A0,no ping error,82,68990,1
1754264871880,13.5967,-1,-1,0000023CD87847A0,no ping error,83,68934,1
1754264871968,15.4688,-1,-1,0000023CD87847A0,no ping error,84,68163,1
1754264872063,14.6951,-1,-1,0000023CD87847A0,no ping error,85,68476,1
1754264872154,16.3504,-1,-1,0000023CD87847A0,no ping error,86,65925,1
1754264872249,16.7375,-1,-1,0000023CD87847A0,no ping error,87,66546,1
1754264872343,11.6578,-1,-1,0000023CD87847A0,no ping error,88,68120,1
1754264872438,17.77,-1,-1,0000023CD87847A0,no ping error,89,67170,1
1754264872529,17.4772,-1,-1,0000023CD87847A0,no ping error,90,67927,1
1754264872620,15.988,-1,-1,0000023CD87847A0,no ping error,91,66717,1
1754264872712,12.5467,-1,-1,0000023CD87847A0,no ping error,92,67574,1
1754264872808,12.6847,-1,-1,0000023CD87847A0,no ping error,93,69697,1
1754264872926,12.9062,-1,-1,0000023CD87847A0,no ping error,94,68962,1
1754264873011,13.5398,-1,-1,0000023CD87847A0,no ping error,95,67193,1
1754264873102,11.278,-1,-1,0000023CD87847A0,no ping error,96,68168,1
1754264873194,14.5725,-1,-1,0000023CD87847A0,no ping error,97,66779,1
1754264873287,11.8862,-1,-1,0000023CD87847A0,no ping error,98,69287,1
1754264873379,10.7547,-1,-1,0000023CD87847A0,no ping error,99,67681,1
1754264873462,13.3292,-1,-1,0000023CD87847A0,no ping error,100,68284,1
1754264873568,15.2349,-1,-1,0000023CD87847A0,no ping error,101,69218,1
1754264873661,13.37,-1,-1,0000023CD87847A0,no ping error,102,69422,1
1754264873752,15.6767,-1,-1,0000023CD87847A0,no ping error,103,68930,1
1754264873844,15.2066,-1,-1,0000023CD87847A0,no ping error,104,64752,1
1754264873938,11.139,-1,-1,0000023CD87847A0,no ping error,105,66738,1
1754264874031,16.0701,-1,-1,0000023CD87847A0,no ping error,106,67012,1
1754264874121,14.4013,-1,-1,0000023CD87847A0,no ping error,107,68125,1
1754264874215,18.7099,-1,-1,0000023CD87847A0,no ping error,108,66805,1
1754264874308,14.4475,-1,-1,0000023CD87847A0,no ping error,109,68134,1
1754264874399,10.4366,-1,-1,0000023CD87847A0,no ping error,110,68465,1
1754264874479,15.9495,-1,-1,0000023CD87847A0,no ping error,111,69426,1
1754264874576,13.9339,-1,-1,0000023CD87847A0,no ping error,112,69558,1
1754264874664,12.2478,-1,-1,0000023CD87847A0,no ping error,113,68981,1
1754264874758,18.0186,-1,-1,0000023CD87847A0,no ping error,114,68589,1
1754264874851,14.8984,-1,-1,0000023CD87847A0,no ping error,115,68381,1
1754264874944,12.5584,-1,-1,0000023CD87847A0,no ping error,116,67866,1
1754264875037,14.0355,-1,-1,0000023CD87847A0,no ping error,117,67332,1
1754264875148,20.6541,-1,-1,0000023CD87847A0,no ping error,118,65962,1
1754264875293,12.2235,-1,-1,0000023CD87847A0,no ping error,119,67086,1
1754264875399,12.0519,-1,-1,0000023CD87847A0,no ping error,120,66629,1
1754264875538,17.2994,-1,-1,0000023CD87847A0,no ping error,121,66690,1
1754264875632,15.0368,-1,-1,0000023CD87847A0,no ping error,122,67871,1
1754264875720,19.7526,-1,-1,0000023CD87847A0,no ping error,123,69433,1
1754264875822,14.5493,-1,-1,0000023CD87847A0,no ping error,124,67193,1
1754264875921,24.5769,-1,-1,0000023CD87847A0,no ping error,125,68176,1
1754264876027,12.9055,-1,-1,0000023CD87847A0,no ping error,126,66910,1
1754264876122,20.5875,-1,-1,0000023CD87847A0,no ping error,127,68227,1
1754264876214,12.6405,-1,-1,0000023CD87847A0,no ping error,128,66096,1
1754264876319,16.275,-1,-1,0000023CD87847A0,no ping error,129,69153,1
1754264876498,15.2918,-1,-1,0000023CD87847A0,no ping error,130,67975,1
1754264876610,10.2941,-1,-1,0000023CD87847A0,no ping error,131,67838,1
1754264876695,12.8285,-1,-1,0000023CD87847A0,no ping error,132,68265,1
1754264876786,12.3746,-1,-1,0000023CD87847A0,no ping error,133,66956,1
1754264876879,12.9492,-1,-1,0000023CD87847A0,no ping error,134,69951,1
1754264876973,12.373,-1,-1,0000023CD87847A0,no ping error,135,68991,1
1754264877066,13.1836,-1,-1,0000023CD87847A0,no ping error,136,66999,1
1754264877160,24.1506,-1,-1,0000023CD87847A0,no ping error,137,69626,1
1754264877258,19.2176,-1,-1,0000023CD87847A0,no ping error,138,68415,1
1754264877366,16.2145,-1,-1,0000023CD87847A0,no ping error,139,67321,1
1754264877454,11.2351,-1,-1,0000023CD87847A0,no ping error,140,67803,1
1754264877547,15.577,-1,-1,0000023CD87847A0,no ping error,141,66989,1
1754264877646,12.733,-1,-1,0000023CD87847A0,no ping error,142,67367,1
1754264877739,11.6433,-1,-1,0000023CD87847A0,no ping error,143,67652,1
1754264877837,14.8511,-1,-1,0000023CD87847A0,no ping error,144,67961,1
1754264877942,19.3826,-1,-1,0000023CD87847A0,no ping error,145,66926,1
1754264878048,12.944,-1,-1,0000023CD87847A0,no ping error,146,67870,1
1754264878142,14.0866,-1,-1,0000023CD87847A0,no ping error,147,70046,1
1754264878233,16.1518,-1,-1,0000023CD87847A0,no ping error,148,67838,1
1754264878366,18.2115,-1,-1,0000023CD87847A0,no ping error,149,66828,1
1754264878464,10.3124,-1,-1,0000023CD87847A0,no ping error,150,67261,1
1754264878555,14.0622,-1,-1,0000023CD87847A0,no ping error,151,65991,1
1754264878647,14.0335,-1,-1,0000023CD87847A0,no ping error,152,65023,1
1754264878738,12.8937,-1,-1,0000023CD87847A0,no ping error,153,65350,1
1754264878870,12.7589,-1,-1,0000023CD87847A0,no ping error,154,66580,1
1754264878954,13.3828,-1,-1,0000023CD87847A0,no ping error,155,64118,1
1754264879046,13.8194,-1,-1,0000023CD87847A0,no ping error,156,66288,1
1754264879139,11.4102,-1,-1,0000023CD87847A0,no ping error,157,66531,1
1754264879234,17.2993,-1,-1,0000023CD87847A0,no ping error,158,68035,1
1754264879323,17.4544,-1,-1,0000023CD87847A0,no ping error,159,65302,1
1754264879418,12.6641,-1,-1,0000023CD87847A0,no ping error,160,66982,1
1754264879510,12.6613,-1,-1,0000023CD87847A0,no ping error,161,66633,1
1754264879609,11.5541,-1,-1,0000023CD87847A0,no ping error,162,65546,1
1754264879698,19.4708,-1,-1,0000023CD87847A0,no ping error,163,68743,1
1754264879789,13.2365,-1,-1,0000023CD87847A0,no ping error,164,66683,1
1754264879880,15.2333,-1,-1,0000023CD87847A0,no ping error,165,67654,1
1754264879971,13.3138,-1,-1,0000023CD87847A0,no ping error,166,65055,1
1754264880066,16.0018,-1,-1,0000023CD87847A0,no ping error,167,66538,1
1754264880157,12.973,-1,-1,0000023CD87847A0,no ping error,168,66533,1
1754264880251,14.2803,-1,-1,0000023CD87847A0,no ping error,169,66597,1
1754264880355,12.5903,-1,-1,0000023CD87847A0,no ping error,170,67750,1
1754264880437,19.2448,-1,-1,0000023CD87847A0,no ping error,171,66512,1
1754264880530,18.5821,-1,-1,0000023CD87847A0,no ping error,172,66971,1
1754264880622,10.8179,-1,-1,0000023CD87847A0,no ping error,173,67532,1
1754264880700,12.3551,-1,-1,0000023CD87847A0,no ping error,174,69213,1
1754264880794,12.796,-1,-1,0000023CD87847A0,no ping error,175,68686,1
1754264880886,14.165,-1,-1,0000023CD87847A0,no ping error,176,70112,1
1754264880979,14.8706,-1,-1,0000023CD87847A0,no ping error,177,66626,1
1754264881075,13.5877,-1,-1,0000023CD87847A0,no ping error,178,68213,1
1754264881165,25.2479,-1,-1,0000023CD87847A0,no ping error,179,67609,1
1754264881267,14.224,-1,-1,0000023CD87847A0,no ping error,180,69973,1
1754264881352,14.8404,-1,-1,0000023CD87847A0,no ping error,181,68657,1
1754264881441,14.03,-1,-1,0000023CD87847A0,no ping error,182,66903,1
1754264881573,13.2115,-1,-1,0000023CD87847A0,no ping error,183,66454,1
1754264881699,11.7097,-1,-1,0000023CD87847A0,no ping error,184,66927,1
1754264881812,12.7083,-1,-1,0000023CD87847A0,no ping error,185,67970,1
1754264881914,12.7455,-1,-1,0000023CD87847A0,no ping error,186,67096,1
1754264882107,18.7783,-1,-1,0000023CD87847A0,no ping error,187,67362,1
1754264882207,12.1774,-1,-1,0000023CD87847A0,no ping error,188,66535,1
1754264882306,12.9364,-1,-1,0000023CD87847A0,no ping error,189,68256,1
1754264882389,14.6047,-1,-1,0000023CD87847A0,no ping error,190,67407,1
1754264882481,11.3414,-1,-1,0000023CD87847A0,no ping error,191,67189,1
1754264882573,16.4843,-1,-1,0000023CD87847A0,no ping error,192,67993,1
1754264882664,17.2613,-1,-1,0000023CD87847A0,no ping error,193,69486,1
1754264882756,12.8271,-1,-1,0000023CD87847A0,no ping error,194,67929,1
1754264882850,15.8695,-1,-1,0000023CD87847A0,no ping error,195,66532,1
1754264882941,11.174,-1,-1,0000023CD87847A0,no ping error,196,70080,1
1754264883022,12.2225,-1,-1,0000023CD87847A0,no ping error,197,67501,1
1754264883109,21.5667,-1,-1,0000023CD87847A0,no ping error,198,66527,1
1754264883204,17.1274,-1,-1,0000023CD87847A0,no ping error,199,68392,1
1754264883296,13.2791,-1,-1,0000023CD87847A0,no ping error,200,68425,1
1754264883388,15.8456,-1,-1,0000023CD87847A0,no ping error,201,68160,1
1754264883478,18.9492,-1,-1,0000023CD87847A0,no ping error,202,68731,1
1754264883578,27.1289,-1,-1,0000023CD87847A0,no ping error,203,66242,1
1754264883680,13.5066,-1,-1,0000023CD87847A0,no ping error,204,68953,1
1754264883772,16.7874,-1,-1,0000023CD87847A0,no ping error,205,66446,1
1754264883868,18.0599,-1,-1,0000023CD87847A0,no ping error,206,67784,1
1754264883960,14.9874,-1,-1,0000023CD87847A0,no ping error,207,68419,1
1754264884053,23.0991,-1,-1,0000023CD87847A0,no ping error,208,66374,1
1754264884145,15.9445,-1,-1,0000023CD87847A0,no ping error,209,68412,1
1754264884241,13.7037,-1,-1,0000023CD87847A0,no ping error,210,66631,1
1754264884332,12.2691,-1,-1,0000023CD87847A0,no ping error,211,67685,1
1754264884425,12.2299,-1,-1,0000023CD87847A0,no ping error,212,65770,1
1754264884517,13.276,-1,-1,0000023CD87847A0,no ping error,213,68300,1
1754264884608,14.1154,-1,-1,0000023CD87847A0,no ping error,214,66390,1
1754264884700,20.0823,-1,-1,0000023CD87847A0,no ping error,215,64992,1
1754264884788,16.7451,-1,-1,0000023CD87847A0,no ping error,216,67097,1
1754264884888,12.0138,-1,-1,0000023CD87847A0,no ping error,217,66695,1
1754264884980,15.8635,-1,-1,0000023CD87847A0,no ping error,218,67775,1
1754264885075,14.0776,-1,-1,0000023CD87847A0,no ping error,219,68544,1
1754264885168,12.3098,-1,-1,0000023CD87847A0,no ping error,220,67900,1
1754264885260,20.8152,-1,-1,0000023CD87847A0,no ping error,221,67779,1
1754264885354,12.9822,-1,-1,0000023CD87847A0,no ping error,222,70265,1
1754264885444,14.028,-1,-1,0000023CD87847A0,no ping error,223,69453,1
1754264885537,11.3782,-1,-1,0000023CD87847A0,no ping error,224,68204,1
1754264885630,14.6533,-1,-1,0000023CD87847A0,no ping error,225,68216,1
1754264885728,13.3603,-1,-1,0000023CD87847A0,no ping error,226,66692,1
1754264885816,11.8833,-1,-1,0000023CD87847A0,no ping error,227,68366,1
1754264885910,15.7695,-1,-1,0000023CD87847A0,no ping error,228,68667,1
1754264886013,12.9002,-1,-1,0000023CD87847A0,no ping error,229,69764,1
1754264886110,23.4754,-1,-1,0000023CD87847A0,no ping error,230,66710,1
1754264886214,19.6181,-1,-1,0000023CD87847A0,no ping error,231,68559,1
1754264886306,20.3782,-1,-1,0000023CD87847A0,no ping error,232,68522,1
1754264886400,12.4751,-1,-1,0000023CD87847A0,no ping error,233,69848,1
1754264886493,13.1095,-1,-1,0000023CD87847A0,no ping error,234,69262,1
1754264886588,17.3755,-1,-1,0000023CD87847A0,no ping error,235,65634,1
1754264886679,28.8355,-1,-1,0000023CD87847A0,no ping error,236,66061,1
1754264886787,15.7657,-1,-1,0000023CD87847A0,no ping error,237,69875,1
1754264886885,14.0362,-1,-1,0000023CD87847A0,no ping error,238,68458,1
1754264886971,13.8498,-1,-1,0000023CD87847A0,no ping error,239,67297,1
1754264887064,16.9619,-1,-1,0000023CD87847A0,no ping error,240,67804,1
1754264887159,12.2913,-1,-1,0000023CD87847A0,no ping error,241,67656,1
1754264887255,12.3949,-1,-1,0000023CD87847A0,no ping error,242,67851,1
1754264887343,14.5346,-1,-1,0000023CD87847A0,no ping error,243,69895,1
1754264887437,14.1046,-1,-1,0000023CD87847A0,no ping error,244,68264,1
1754264887529,17.6909,-1,-1,0000023CD87847A0,no ping error,245,67148,1
1754264887632,15.713,-1,-1,0000023CD87847A0,no ping error,246,68128,1
1754264887720,15.5401,-1,-1,0000023CD87847A0,no ping error,247,68649,1
1754264887810,12.0102,-1,-1,0000023CD87847A0,no ping error,248,66446,1
1754264887902,18.502,-1,-1,0000023CD87847A0,no ping error,249,67589,1
1754264887996,13.2244,-1,-1,0000023CD87847A0,no ping error,250,65786,1
1754264888087,11.9385,-1,-1,0000023CD87847A0,no ping error,251,66914,1
1754264888180,19.4243,-1,-1,0000023CD87847A0,no ping error,252,67144,1
1754264888276,13.3286,-1,-1,0000023CD87847A0,no ping error,253,66814,1
1754264888369,10.7341,-1,-1,0000023CD87847A0,no ping error,254,67549,1
1754264888457,22.3121,-1,-1,0000023CD87847A0,no ping error,255,65629,1
1754264888553,16.1938,-1,-1,0000023CD87847A0,no ping error,256,69169,1
1754264888647,12.6912,-1,-1,0000023CD87847A0,no ping error,257,66459,1
1754264888740,18.7184,-1,-1,0000023CD87847A0,no ping error,258,66801,1
1754264888831,18.5641,-1,-1,0000023CD87847A0,no ping error,259,67933,1
1754264888923,17.4289,-1,-1,0000023CD87847A0,no ping error,260,66965,1
1754264889015,11.3733,-1,-1,0000023CD87847A0,no ping error,261,66636,1
1754264889108,15.1163,-1,-1,0000023CD87847A0,no ping error,262,68180,1
1754264889202,13.0499,-1,-1,0000023CD87847A0,no ping error,263,67627,1
1754264889293,14.3682,-1,-1,0000023CD87847A0,no ping error,264,69620,1
1754264889389,18.5078,-1,-1,0000023CD87847A0,no ping error,265,67625,1
1754264889479,12.8724,-1,-1,0000023CD87847A0,no ping error,266,67653,1
1754264889631,7.9908,-1,-1,0000023CD87847A0,no ping error,267,68312,1
1754264889748,20.4719,-1,-1,0000023CD87847A0,no ping error,268,65531,1
1754264889886,12.3375,-1,-1,0000023CD87847A0,no ping error,269,68685,1
1754264889976,11.1143,-1,-1,0000023CD87847A0,no ping error,270,67715,1
1754264890069,17.142,-1,-1,0000023CD87847A0,no ping error,271,67653,1
1754264890165,11.7753,-1,-1,0000023CD87847A0,no ping error,272,66815,1
1754264890262,13.5159,-1,-1,0000023CD87847A0,no ping error,273,69811,1
1754264890359,12.8958,-1,-1,0000023CD87847A0,no ping error,274,68591,1
1754264890466,21.0288,-1,-1,0000023CD87847A0,no ping error,275,68885,1
1754264890574,15.7593,-1,-1,0000023CD87847A0,no ping error,276,67496,1
1754264890677,26.2915,-1,-1,0000023CD87847A0,no ping error,277,65969,1
1754264890779,12.0563,-1,-1,0000023CD87847A0,no ping error,278,66552,1
1754264890874,12.6903,-1,-1,0000023CD87847A0,no ping error,279,65850,1
1754264890973,15.9057,-1,-1,0000023CD87847A0,no ping error,280,66753,1
1754264891075,13.4512,-1,-1,0000023CD87847A0,no ping error,281,67767,1
1754264891186,33.8902,-1,-1,0000023CD87847A0,no ping error,282,67136,1
1754264891289,17.6031,-1,-1,0000023CD87847A0,no ping error,283,68109,1
1754264891381,15.1246,-1,-1,0000023CD87847A0,no ping error,284,66966,1
1754264891472,13.6084,-1,-1,0000023CD87847A0,no ping error,285,67874,1
1754264891563,14.0911,-1,-1,0000023CD87847A0,no ping error,286,67082,1
1754264891665,12.9875,-1,-1,0000023CD87847A0,no ping error,287,67547,1
1754264891755,11.9691,-1,-1,0000023CD87847A0,no ping error,288,67230,1
1754264891844,12.8919,-1,-1,0000023CD87847A0,no ping error,289,67432,1
1754264891939,12.9824,-1,-1,0000023CD87847A0,no ping error,290,68031,1
1754264892031,15.6155,-1,-1,0000023CD87847A0,no ping error,291,67682,1
1754264892121,10.5834,-1,-1,0000023CD87847A0,no ping error,292,68019,1
1754264892202,13.5015,-1,-1,0000023CD87847A0,no ping error,293,67895,1
1754264892297,13.9934,-1,-1,0000023CD87847A0,no ping error,294,66525,1
1754264892388,18.7124,-1,-1,0000023CD87847A0,no ping error,295,65913,1
1754264892479,13.6158,-1,-1,0000023CD87847A0,no ping error,296,67657,1
1754264892569,12.0904,-1,-1,0000023CD87847A0,no ping error,297,66654,1
1754264892650,12.5186,-1,-1,0000023CD87847A0,no ping error,298,66224,1
1754264892743,16.0597,-1,-1,0000023CD87847A0,no ping error,299,68695,1
1754264892836,15.2826,-1,-1,0000023CD87847A0,no ping error,300,65172,1
1754264892930,27.4912,-1,-1,0000023CD87847A0,no ping error,301,68128,1
1754264893035,13.1306,-1,-1,0000023CD87847A0,no ping error,302,66936,1
1754264893131,13.0768,-1,-1,0000023CD87847A0,no ping error,303,67480,1
1754264893221,14.5773,-1,-1,0000023CD87847A0,no ping error,304,66486,1
1754264893314,12.4519,-1,-1,0000023CD87847A0,no ping error,305,66631,1
1754264893409,12.944,-1,-1,0000023CD87847A0,no ping error,306,66146,1
1754264893505,15.8395,-1,-1,0000023CD87847A0,no ping error,307,66750,1
1754264893598,11.7953,-1,-1,0000023CD87847A0,no ping error,308,69155,1
1754264893687,12.8366,-1,-1,0000023CD87847A0,no ping error,309,66927,1
1754264893780,11.5071,-1,-1,0000023CD87847A0,no ping error,310,65962,1
1754264893867,15.3368,-1,-1,0000023CD87847A0,no ping error,311,66045,1
1754264893954,12.0369,-1,-1,0000023CD87847A0,no ping error,312,67063,1
1754264894045,18.1424,-1,-1,0000023CD87847A0,no ping error,313,67497,1
1754264894146,19.8227,-1,-1,0000023CD87847A0,no ping error,314,68066,1
1754264894250,11.0369,-1,-1,0000023CD87847A0,no ping error,315,67151,1
1754264894339,12.1205,-1,-1,0000023CD87847A0,no ping error,316,69689,1
1754264894432,15.3093,-1,-1,0000023CD87847A0,no ping error,317,66739,1
1754264894526,20.0533,-1,-1,0000023CD87847A0,no ping error,318,66898,1
1754264894616,12.0178,-1,-1,0000023CD87847A0,no ping error,319,67937,1
1754264894694,11.2193,-1,-1,0000023CD87847A0,no ping error,320,66058,1
1754264894772,13.8548,-1,-1,0000023CD87847A0,no ping error,321,66236,1
1754264894864,13.1972,-1,-1,0000023CD87847A0,no ping error,322,68145,1
1754264894958,17.2741,-1,-1,0000023CD87847A0,no ping error,323,68488,1
1754264895055,12.2226,-1,-1,0000023CD87847A0,no ping error,324,66095,1
1754264895217,17.1578,-1,-1,0000023CD87847A0,no ping error,325,69113,1
1754264895349,12.9809,-1,-1,0000023CD87847A0,no ping error,326,68078,1
1754264895438,19.0273,-1,-1,0000023CD87847A0,no ping error,327,68452,1
1754264895529,13.6349,-1,-1,0000023CD87847A0,no ping error,328,67115,1
1754264895621,12.1373,-1,-1,0000023CD87847A0,no ping error,329,65656,1
1754264895715,13.936,-1,-1,0000023CD87847A0,no ping error,330,66420,1
1754264895807,16.9988,-1,-1,0000023CD87847A0,no ping error,331,65560,1
1754264895899,18.8752,-1,-1,0000023CD87847A0,no ping error,332,67863,1
1754264895994,11.886,-1,-1,0000023CD87847A0,no ping error,333,69746,1
1754264896087,12.9987,-1,-1,0000023CD87847A0,no ping error,334,70633,1
1754264896178,18.3276,-1,-1,0000023CD87847A0,no ping error,335,66024,1
1754264896269,12.5553,-1,-1,0000023CD87847A0,no ping error,336,64966,1
1754264896350,15.8693,-1,-1,0000023CD87847A0,no ping error,337,66276,1
1754264896442,19.9996,-1,-1,0000023CD87847A0,no ping error,338,65039,1
1754264896534,11.0082,-1,-1,0000023CD87847A0,no ping error,339,66559,1
1754264896626,18.859,-1,-1,0000023CD87847A0,no ping error,340,66195,1
1754264896720,13.8783,-1,-1,0000023CD87847A0,no ping error,341,66843,1
1754264896813,12.1401,-1,-1,0000023CD87847A0,no ping error,342,66364,1
1754264896906,21.2494,-1,-1,0000023CD87847A0,no ping error,343,67544,1
1754264896999,14.131,-1,-1,0000023CD87847A0,no ping error,344,66771,1
1754264897090,12.4146,-1,-1,0000023CD87847A0,no ping error,345,68101,1
1754264897184,16.0962,-1,-1,0000023CD87847A0,no ping error,346,65239,1
1754264897276,13.1847,-1,-1,0000023CD87847A0,no ping error,347,66764,1
1754264897369,12.3905,-1,-1,0000023CD87847A0,no ping error,348,67434,1
1754264897449,13.3435,-1,-1,0000023CD87847A0,no ping error,349,66592,1
1754264897540,15.7394,-1,-1,0000023CD87847A0,no ping error,350,66847,1
1754264897632,13.3005,-1,-1,0000023CD87847A0,no ping error,351,65697,1
1754264897728,14.1853,-1,-1,0000023CD87847A0,no ping error,352,66296,1
1754264897818,12.3713,-1,-1,0000023CD87847A0,no ping error,353,67299,1
1754264897910,20.8883,-1,-1,0000023CD87847A0,no ping error,354,64386,1
1754264898003,12.6375,-1,-1,0000023CD87847A0,no ping error,355,67301,1
1754264898098,12.3121,-1,-1,0000023CD87847A0,no ping error,356,65964,1
1754264898188,15.7827,-1,-1,0000023CD87847A0,no ping error,357,66623,1
1754264898281,12.6893,-1,-1,0000023CD87847A0,no ping error,358,67932,1
1754264898359,18.8807,-1,-1,0000023CD87847A0,no ping error,359,67095,1
1754264898452,14.026,-1,-1,0000023CD87847A0,no ping error,360,68001,1
1754264898546,13.9375,-1,-1,0000023CD87847A0,no ping error,361,67398,1
1754264898638,10.9045,-1,-1,0000023CD87847A0,no ping error,362,68109,1
1754264898717,17.2092,-1,-1,0000023CD87847A0,no ping error,363,66582,1
1754264898807,19.7222,-1,-1,0000023CD87847A0,no ping error,364,67088,1
1754264898912,11.6308,-1,-1,0000023CD87847A0,no ping error,365,65668,1
1754264898997,14.2218,-1,-1,0000023CD87847A0,no ping error,366,67088,1
1754264899087,15.5341,-1,-1,0000023CD87847A0,no ping error,367,64626,1
1754264899183,12.4754,-1,-1,0000023CD87847A0,no ping error,368,67484,1
1754264899276,13.6383,-1,-1,0000023CD87847A0,no ping error,369,68320,1
1754264899369,13.2297,-1,-1,0000023CD87847A0,no ping error,370,66877,1
1754264899462,13.1466,-1,-1,0000023CD87847A0,no ping error,371,65711,1
1754264899555,11.816,-1,-1,0000023CD87847A0,no ping error,372,67418,1
1754264899647,16.7962,-1,-1,0000023CD87847A0,no ping error,373,65259,1
1754264899738,12.9928,-1,-1,0000023CD87847A0,no ping error,374,66502,1
1754264899833,18.363,-1,-1,0000023CD87847A0,no ping error,375,66716,1
1754264899923,20.4737,-1,-1,0000023CD87847A0,no ping error,376,67627,1
1754264900015,20.3165,-1,-1,0000023CD87847A0,no ping error,377,65233,1
1754264900106,17.9754,-1,-1,0000023CD87847A0,no ping error,378,64781,1
1754264900200,13.8701,-1,-1,0000023CD87847A0,no ping error,379,66525,1
1754264900293,16.4453,-1,-1,0000023CD87847A0,no ping error,380,67499,1
1754264900386,14.2727,-1,-1,0000023CD87847A0,no ping error,381,66434,1
1754264900480,13.665,-1,-1,0000023CD87847A0,no ping error,382,67818,1
1754264900579,12.5955,-1,-1,0000023CD87847A0,no ping error,383,67050,1
1754264900667,17.5747,-1,-1,0000023CD87847A0,no ping error,384,67391,1
1754264900760,13.8291,-1,-1,0000023CD87847A0,no ping error,385,66773,1
1754264900853,22.6534,-1,-1,0000023CD87847A0,no ping error,386,68414,1
1754264900947,12.9294,-1,-1,0000023CD87847A0,no ping error,387,67401,1
1754264901039,12.5382,-1,-1,0000023CD87847A0,no ping error,388,65718,1
1754264901132,23.4889,-1,-1,0000023CD87847A0,no ping error,389,67680,1
1754264901226,15.6121,-1,-1,0000023CD87847A0,no ping error,390,67944,1
1754264901316,12.7968,-1,-1,0000023CD87847A0,no ping error,391,66218,1
1754264901409,19.4612,-1,-1,0000023CD87847A0,no ping error,392,67288,1
1754264901502,13.811,-1,-1,0000023CD87847A0,no ping error,393,66848,1
1754264901594,13.0527,-1,-1,0000023CD87847A0,no ping error,394,67224,1
1754264901690,14.4708,-1,-1,0000023CD87847A0,no ping error,395,67454,1
1754264901779,11.802,-1,-1,0000023CD87847A0,no ping error,396,64250,1
1754264901871,16.9687,-1,-1,0000023CD87847A0,no ping error,397,65658,1
1754264901967,21.9979,-1,-1,0000023CD87847A0,no ping error,398,68259,1
1754264902060,31.3478,-1,-1,0000023CD87847A0,no ping error,399,66390,1
1754264902169,12.484,-1,-1,0000023CD87847A0,no ping error,400,66972,1
1754264902261,13.4686,-1,-1,0000023CD87847A0,no ping error,401,66560,1
1754264902354,12.7772,-1,-1,0000023CD87847A0,no ping error,402,67880,1
1754264902448,15.0831,-1,-1,0000023CD87847A0,no ping error,403,66028,1
1754264902541,13.6205,-1,-1,0000023CD87847A0,no ping error,404,68497,1
1754264902634,12.7621,-1,-1,0000023CD87847A0,no ping error,405,68450,1
1754264902713,14.9216,-1,-1,0000023CD87847A0,no ping error,406,65465,1
1754264902806,12.5925,-1,-1,0000023CD87847A0,no ping error,407,65890,1
1754264902898,15.9028,-1,-1,0000023CD87847A0,no ping error,408,67400,1
1754264902992,21.1929,-1,-1,0000023CD87847A0,no ping error,409,66737,1
1754264903086,17.1793,-1,-1,0000023CD87847A0,no ping error,410,67988,1
1754264903179,15.7204,-1,-1,0000023CD87847A0,no ping error,411,69484,1
1754264903271,11.1069,-1,-1,0000023CD87847A0,no ping error,412,67216,1
1754264903359,19.6549,-1,-1,0000023CD87847A0,no ping error,413,66664,1
1754264903452,18.1875,-1,-1,0000023CD87847A0,no ping error,414,68820,1
1754264903544,17.2219,-1,-1,0000023CD87847A0,no ping error,415,65973,1
1754264903638,14.3821,-1,-1,0000023CD87847A0,no ping error,416,68961,1
1754264903731,12.1336,-1,-1,0000023CD87847A0,no ping error,417,65684,1
1754264903824,21.6953,-1,-1,0000023CD87847A0,no ping error,418,67479,1
1754264903918,13.1238,-1,-1,0000023CD87847A0,no ping error,419,66821,1
1754264904010,15.4712,-1,-1,0000023CD87847A0,no ping error,420,68587,1
1754264904102,12.9686,-1,-1,0000023CD87847A0,no ping error,421,66273,1
1754264904197,11.253,-1,-1,0000023CD87847A0,no ping error,422,68011,1
1754264904289,20.8577,-1,-1,0000023CD87847A0,no ping error,423,68162,1
1754264904382,21.0148,-1,-1,0000023CD87847A0,no ping error,424,66531,1
1754264904476,12.4464,-1,-1,0000023CD87847A0,no ping error,425,65942,1
1754264904569,13.6335,-1,-1,0000023CD87847A0,no ping error,426,68162,1
1754264904662,21.4121,-1,-1,0000023CD87847A0,no ping error,427,66864,1
1754264904753,13.4963,-1,-1,0000023CD87847A0,no ping error,428,67643,1
1754264904846,15.4741,-1,-1,0000023CD87847A0,no ping error,429,66187,1
1754264904939,14.6523,-1,-1,0000023CD87847A0,no ping error,430,65944,1
1754264905032,13.3627,-1,-1,0000023CD87847A0,no ping error,431,66643,1
1754264905125,13.2724,-1,-1,0000023CD87847A0,no ping error,432,66372,1
1754264905217,20.3948,-1,-1,0000023CD87847A0,no ping error,433,64504,1
1754264905311,14.7205,-1,-1,0000023CD87847A0,no ping error,434,65771,1
1754264905402,12.1506,-1,-1,0000023CD87847A0,no ping error,435,66826,1
1754264905497,16.5629,-1,-1,0000023CD87847A0,no ping error,436,65564,1
1754264905589,14.08,-1,-1,0000023CD87847A0,no ping error,437,66140,1
1754264905681,12.4865,-1,-1,0000023CD87847A0,no ping error,438,66313,1
1754264905774,19.6204,-1,-1,0000023CD87847A0,no ping error,439,66852,1
1754264905868,14.2902,-1,-1,0000023CD87847A0,no ping error,440,68171,1
1754264905959,20.7514,-1,-1,0000023CD87847A0,no ping error,441,67535,1
1754264906053,12.862,-1,-1,0000023CD87847A0,no ping error,442,66756,1
1754264906146,30.2689,-1,-1,0000023CD87847A0,no ping error,443,67034,1
1754264906255,10.8675,-1,-1,0000023CD87847A0,no ping error,444,67854,1
1754264906347,15.4622,-1,-1,0000023CD87847A0,no ping error,445,65917,1
1754264906438,13.1867,-1,-1,0000023CD87847A0,no ping error,446,65941,1
1754264906532,16.127,-1,-1,0000023CD87847A0,no ping error,447,66270,1
1754264906623,12.9042,-1,-1,0000023CD87847A0,no ping error,448,68331,1
1754264906716,14.1735,-1,-1,0000023CD87847A0,no ping error,449,65050,1
1754264906807,16.7853,-1,-1,0000023CD87847A0,no ping error,450,65637,1
1754264906903,31.4342,-1,-1,0000023CD87847A0,no ping error,451,67794,1
1754264907011,13.4951,-1,-1,0000023CD87847A0,no ping error,452,68283,1
1754264907104,18.3075,-1,-1,0000023CD87847A0,no ping error,453,65980,1
1754264907197,33.063,-1,-1,0000023CD87847A0,no ping error,454,65254,1
1754264907305,15.8821,-1,-1,0000023CD87847A0,no ping error,455,66119,1
1754264907398,12.5241,-1,-1,0000023CD87847A0,no ping error,456,66005,1
1754264907506,17.8368,-1,-1,0000023CD87847A0,no ping error,457,66320,1
1754264907601,13.0126,-1,-1,0000023CD87847A0,no ping error,458,66827,1
1754264907692,16.039,-1,-1,0000023CD87847A0,no ping error,459,66310,1
1754264907786,21.6268,-1,-1,0000023CD87847A0,no ping error,460,66657,1
1754264907876,20.6506,-1,-1,0000023CD87847A0,no ping error,461,67535,1
1754264907969,24.7566,-1,-1,0000023CD87847A0,no ping error,462,68210,1
1754264908062,25.9338,-1,-1,0000023CD87847A0,no ping error,463,67792,1
1754264908158,18.0953,-1,-1,0000023CD87847A0,no ping error,464,68030,1
1754264908250,14.0744,-1,-1,0000023CD87847A0,no ping error,465,65502,1
1754264908342,15.3806,-1,-1,0000023CD87847A0,no ping error,466,66898,1
1754264908435,13.513,-1,-1,0000023CD87847A0,no ping error,467,66635,1
1754264908528,15.0711,-1,-1,0000023CD87847A0,no ping error,468,65604,1
1754264908622,26.2901,-1,-1,0000023CD87847A0,no ping error,469,67126,1
1754264908715,19.3066,-1,-1,0000023CD87847A0,no ping error,470,65283,1
1754264908806,12.8554,-1,-1,0000023CD87847A0,no ping error,471,66328,1
1754264908900,20.6234,-1,-1,0000023CD87847A0,no ping error,472,68825,1
1754264908993,17.0753,-1,-1,0000023CD87847A0,no ping error,473,67285,1
1754264909087,14.5226,-1,-1,0000023CD87847A0,no ping error,474,69053,1
1754264909178,26.9012,-1,-1,0000023CD87847A0,no ping error,475,64998,1
1754264909272,21.2523,-1,-1,0000023CD87847A0,no ping error,476,66275,1
1754264909364,12.7206,-1,-1,0000023CD87847A0,no ping error,477,68182,1
1754264909462,16.814,-1,-1,0000023CD87847A0,no ping error,478,67135,1
1754264909550,11.1589,-1,-1,0000023CD87847A0,no ping error,479,64861,1
1754264909628,45.0076,-1,-1,0000023CD87847A0,no ping error,480,65143,1
1754264909753,14.9159,-1,-1,0000023CD87847A0,no ping error,481,66278,1
1754264909842,12.449,-1,-1,0000023CD87847A0,no ping error,482,65656,1
1754264909920,12.3946,-1,-1,0000023CD87847A0,no ping error,483,65585,1
1754264910013,23.7741,-1,-1,0000023CD87847A0,no ping error,484,65747,1
1754264910104,14.349,-1,-1,0000023CD87847A0,no ping error,485,67485,1
1754264910198,17.8815,-1,-1,0000023CD87847A0,no ping error,486,66530,1
1754264910292,19.1577,-1,-1,0000023CD87847A0,no ping error,487,66303,1
1754264910384,15.2474,-1,-1,0000023CD87847A0,no ping error,488,67045,1
1754264910477,15.755,-1,-1,0000023CD87847A0,no ping error,489,66512,1
1754264910569,13.1831,-1,-1,0000023CD87847A0,no ping error,490,67964,1
1754264910678,13.8378,-1,-1,0000023CD87847A0,no ping error,491,68272,1
1754264910773,13.0308,-1,-1,0000023CD87847A0,no ping error,492,68541,1
1754264910864,16.5336,-1,-1,0000023CD87847A0,no ping error,493,66927,1
1754264910958,14.5703,-1,-1,0000023CD87847A0,no ping error,494,68284,1
1754264911048,20.2494,-1,-1,0000023CD87847A0,no ping error,495,68328,1
1754264911141,14.8722,-1,-1,0000023CD87847A0,no ping error,496,65118,1
1754264911237,26.1662,-1,-1,0000023CD87847A0,no ping error,497,67370,1
1754264911341,16.3547,-1,-1,0000023CD87847A0,no ping error,498,66193,1
1754264911434,22.4801,-1,-1,0000023CD87847A0,no ping error,499,65493,1
1754264911529,13.7839,-1,-1,0000023CD87847A0,no ping error,500,67524,1
1754264911620,13.9296,-1,-1,0000023CD87847A0,no ping error,501,65300,1
1754264911713,14.2052,-1,-1,0000023CD87847A0,no ping error,502,68270,1
1754264911808,12.4129,-1,-1,0000023CD87847A0,no ping error,503,66195,1
1754264911900,15.2956,-1,-1,0000023CD87847A0,no ping error,504,65943,1
1754264911994,12.5992,-1,-1,0000023CD87847A0,no ping error,505,67161,1
1754264912085,11.985,-1,-1,0000023CD87847A0,no ping error,506,67446,1
1754264912177,21.14,-1,-1,0000023CD87847A0,no ping error,507,66454,1
1754264912271,14.3338,-1,-1,0000023CD87847A0,no ping error,508,66294,1
1754264912363,21.6663,-1,-1,0000023CD87847A0,no ping error,509,68592,1
1754264912457,12.7045,-1,-1,0000023CD87847A0,no ping error,510,67612,1
1754264912549,11.2477,-1,-1,0000023CD87847A0,no ping error,511,67703,1
1754264912626,13.8036,-1,-1,0000023CD87847A0,no ping error,512,64002,1
1754264912720,23.371,-1,-1,0000023CD87847A0,no ping error,513,68406,1
1754264912812,11.8121,-1,-1,0000023CD87847A0,no ping error,514,67590,1
1754264912905,17.7483,-1,-1,0000023CD87847A0,no ping error,515,66758,1
1754264912999,15.4612,-1,-1,0000023CD87847A0,no ping error,516,67268,1
1754264913091,13.2369,-1,-1,0000023CD87847A0,no ping error,517,66393,1
1754264913183,16.4519,-1,-1,0000023CD87847A0,no ping error,518,66502,1
1754264913280,16.8824,-1,-1,0000023CD87847A0,no ping error,519,69868,1
1754264913371,13.8589,-1,-1,0000023CD87847A0,no ping error,520,67280,1
1754264913461,15.523,-1,-1,0000023CD87847A0,no ping error,521,65832,1
1754264913558,14.2977,-1,-1,0000023CD87847A0,no ping error,522,68121,1
1754264913647,14.8889,-1,-1,0000023CD87847A0,no ping error,523,68438,1
1754264913741,15.8353,-1,-1,0000023CD87847A0,no ping error,524,68343,1
1754264913834,13.4374,-1,-1,0000023CD87847A0,no ping error,525,68160,1
1754264913926,13.6804,-1,-1,0000023CD87847A0,no ping error,526,67260,1
1754264914021,14.8337,-1,-1,0000023CD87847A0,no ping error,527,67544,1
1754264914109,13.8739,-1,-1,0000023CD87847A0,no ping error,528,66553,1
1754264914202,14.2015,-1,-1,0000023CD87847A0,no ping error,529,67184,1
1754264914295,21.304,-1,-1,0000023CD87847A0,no ping error,530,67391,1
1754264914388,15.6771,-1,-1,0000023CD87847A0,no ping error,531,65825,1
1754264914481,18.7226,-1,-1,0000023CD87847A0,no ping error,532,66839,1
1754264914574,11.7163,-1,-1,0000023CD87847A0,no ping error,533,66407,1
1754264914665,14.2236,-1,-1,0000023CD87847A0,no ping error,534,64525,1
1754264914760,14.1023,-1,-1,0000023CD87847A0,no ping error,535,65979,1
1754264914854,12.9403,-1,-1,0000023CD87847A0,no ping error,536,67107,1
1754264914948,17.5003,-1,-1,0000023CD87847A0,no ping error,537,66453,1
1754264915040,18.0141,-1,-1,0000023CD87847A0,no ping error,538,67711,1
1754264915132,10.8391,-1,-1,0000023CD87847A0,no ping error,539,67205,1
1754264915210,17.9049,-1,-1,0000023CD87847A0,no ping error,540,67222,1
1754264915303,18.8431,-1,-1,0000023CD87847A0,no ping error,541,66745,1
1754264915395,24.4674,-1,-1,0000023CD87847A0,no ping error,542,69092,1
1754264915489,13.2091,-1,-1,0000023CD87847A0,no ping error,543,67999,1
1754264915581,15.436,-1,-1,0000023CD87847A0,no ping error,544,66729,1
1754264915672,25.1475,-1,-1,0000023CD87847A0,no ping error,545,66777,1
1754264915766,12.262,-1,-1,0000023CD87847A0,no ping error,546,70116,1
1754264915858,13.3574,-1,-1,0000023CD87847A0,no ping error,547,66309,1
1754264915951,12.8196,-1,-1,0000023CD87847A0,no ping error,548,67445,1
1754264916045,16.2065,-1,-1,0000023CD87847A0,no ping error,549,67950,1
1754264916137,13.8084,-1,-1,0000023CD87847A0,no ping error,550,65929,1
1754264916230,25.1184,-1,-1,0000023CD87847A0,no ping error,551,67534,1
1754264916322,15.0003,-1,-1,0000023CD87847A0,no ping error,552,67366,1
1754264916416,15.8124,-1,-1,0000023CD87847A0,no ping error,553,67783,1
1754264916511,19.2212,-1,-1,0000023CD87847A0,no ping error,554,67848,1
1754264916601,12.9471,-1,-1,0000023CD87847A0,no ping error,555,67283,1
1754264916696,22.9393,-1,-1,0000023CD87847A0,no ping error,556,69076,1
1754264916787,12.6908,-1,-1,0000023CD87847A0,no ping error,557,66731,1
1754264916886,11.885,-1,-1,0000023CD87847A0,no ping error,558,66533,1
1754264916979,15.1262,-1,-1,0000023CD87847A0,no ping error,559,67850,1
1754264917073,10.9378,-1,-1,0000023CD87847A0,no ping error,560,70258,1
1754264917166,14.9434,-1,-1,0000023CD87847A0,no ping error,561,66868,1
1754264917256,15.0761,-1,-1,0000023CD87847A0,no ping error,562,66815,1
1754264917347,12.7003,-1,-1,0000023CD87847A0,no ping error,563,65826,1
1754264917442,18.6643,-1,-1,0000023CD87847A0,no ping error,564,64912,1
1754264917531,23.4794,-1,-1,0000023CD87847A0,no ping error,565,66271,1
1754264917623,17.9694,-1,-1,0000023CD87847A0,no ping error,566,67705,1
1754264917720,14.5672,-1,-1,0000023CD87847A0,no ping error,567,66221,1
1754264917816,14.3537,-1,-1,0000023CD87847A0,no ping error,568,64881,1
1754264917899,15.7035,-1,-1,0000023CD87847A0,no ping error,569,65889,1
1754264917994,13.8964,-1,-1,0000023CD87847A0,no ping error,570,67673,1
1754264918087,11.3792,-1,-1,0000023CD87847A0,no ping error,571,67606,1
1754264918180,19.1008,-1,-1,0000023CD87847A0,no ping error,572,67855,1
1754264918278,14.9667,-1,-1,0000023CD87847A0,no ping error,573,68114,1
1754264918379,12.2543,-1,-1,0000023CD87847A0,no ping error,574,68664,1
1754264918476,14.4103,-1,-1,0000023CD87847A0,no ping error,575,67976,1
1754264918559,12.6404,-1,-1,0000023CD87847A0,no ping error,576,68537,1
1754264918643,16.0907,-1,-1,0000023CD87847A0,no ping error,577,66812,1
1754264918732,12.816,-1,-1,0000023CD87847A0,no ping error,578,65731,1
1754264918826,14.3725,-1,-1,0000023CD87847A0,no ping error,579,65599,1
1754264918917,13.7973,-1,-1,0000023CD87847A0,no ping error,580,66387,1
1754264919011,13.7808,-1,-1,0000023CD87847A0,no ping error,581,66834,1
1754264919102,29.1613,-1,-1,0000023CD87847A0,no ping error,582,65187,1
1754264919211,15.2835,-1,-1,0000023CD87847A0,no ping error,583,65083,1
1754264919303,21.6935,-1,-1,0000023CD87847A0,no ping error,584,68705,1
1754264919396,12.8353,-1,-1,0000023CD87847A0,no ping error,585,67240,1
1754264919489,18.0706,-1,-1,0000023CD87847A0,no ping error,586,68722,1
1754264919580,18.7718,-1,-1,0000023CD87847A0,no ping error,587,67496,1
1754264919672,11.9169,-1,-1,0000023CD87847A0,no ping error,588,67162,1
1754264919752,12.6491,-1,-1,0000023CD87847A0,no ping error,589,68190,1
1754264919844,15.7555,-1,-1,0000023CD87847A0,no ping error,590,69057,1
1754264919939,15.6403,-1,-1,0000023CD87847A0,no ping error,591,70111,1
1754264920031,11.9425,-1,-1,0000023CD87847A0,no ping error,592,68712,1
1754264920123,13.2122,-1,-1,0000023CD87847A0,no ping error,593,66603,1
1754264920217,22.0437,-1,-1,0000023CD87847A0,no ping error,594,69351,1
1754264920311,11.4262,-1,-1,0000023CD87847A0,no ping error,595,70318,1
1754264920401,13.9477,-1,-1,0000023CD87847A0,no ping error,596,66674,1
1754264920494,13.7032,-1,-1,0000023CD87847A0,no ping error,597,67171,1
1754264920589,18.6901,-1,-1,0000023CD87847A0,no ping error,598,69738,1
1754264920680,22.1953,-1,-1,0000023CD87847A0,no ping error,599,69439,1
1754264920772,13.3964,-1,-1,0000023CD87847A0,no ping error,600,67581,1
1754264920868,14.1277,-1,-1,0000023CD87847A0,no ping error,601,69870,1
1754264920983,26.8459,-1,-1,0000023CD87847A0,no ping error,602,67708,1
1754264921082,18.7404,-1,-1,0000023CD87847A0,no ping error,603,67257,1
1754264921175,19.0967,-1,-1,0000023CD87847A0,no ping error,604,67094,1
1754264921268,19.069,-1,-1,0000023CD87847A0,no ping error,605,68017,1
1754264921360,15.6569,-1,-1,0000023CD87847A0,no ping error,606,69305,1
1754264921454,17.8088,-1,-1,0000023CD87847A0,no ping error,607,68806,1
1754264921547,23.7655,-1,-1,0000023CD87847A0,no ping error,608,69256,1
1754264921640,13.5279,-1,-1,0000023CD87847A0,no ping error,609,70086,1
1754264921731,16.4229,-1,-1,0000023CD87847A0,no ping error,610,69063,1
1754264921825,23.8337,-1,-1,0000023CD87847A0,no ping error,611,67679,1
1754264921918,12.0129,-1,-1,0000023CD87847A0,no ping error,612,68367,1
1754264922010,16.1653,-1,-1,0000023CD87847A0,no ping error,613,68757,1
1754264922103,17.7616,-1,-1,0000023CD87847A0,no ping error,614,67240,1
1754264922195,13.5462,-1,-1,0000023CD87847A0,no ping error,615,67961,1
1754264922288,22.6835,-1,-1,0000023CD87847A0,no ping error,616,67274,1
1754264922383,15.4837,-1,-1,0000023CD87847A0,no ping error,617,67810,1
1754264922475,19.4681,-1,-1,0000023CD87847A0,no ping error,618,66613,1
1754264922571,11.4671,-1,-1,0000023CD87847A0,no ping error,619,70859,1
1754264922661,27.6191,-1,-1,0000023CD87847A0,no ping error,620,69520,1
1754264922770,18.4923,-1,-1,0000023CD87847A0,no ping error,621,69355,1
1754264922866,13.0863,-1,-1,0000023CD87847A0,no ping error,622,68254,1
1754264922955,16.474,-1,-1,0000023CD87847A0,no ping error,623,68603,1
1754264923051,19.2096,-1,-1,0000023CD87847A0,no ping error,624,69420,1
1754264923141,15.4628,-1,-1,0000023CD87847A0,no ping error,625,67740,1
1754264923232,17.1485,-1,-1,0000023CD87847A0,no ping error,626,68257,1
1754264923327,11.2097,-1,-1,0000023CD87847A0,no ping error,627,67526,1
1754264923421,18.3894,-1,-1,0000023CD87847A0,no ping error,628,69412,1
1754264923512,13.7512,-1,-1,0000023CD87847A0,no ping error,629,69431,1
1754264923605,21.2747,-1,-1,0000023CD87847A0,no ping error,630,66634,1
1754264923699,12.2691,-1,-1,0000023CD87847A0,no ping error,631,69765,1
1754264923791,11.5985,-1,-1,0000023CD87847A0,no ping error,632,66368,1
1754264923871,18.1054,-1,-1,0000023CD87847A0,no ping error,633,69467,1
1754264923964,11.9892,-1,-1,0000023CD87847A0,no ping error,634,69310,1
1754264924056,13.6298,-1,-1,0000023CD87847A0,no ping error,635,69213,1
1754264924150,14.8019,-1,-1,0000023CD87847A0,no ping error,636,68201,1
1754264924242,17.7309,-1,-1,0000023CD87847A0,no ping error,637,67481,1
1754264924335,23.2594,-1,-1,0000023CD87847A0,no ping error,638,68113,1
1754264924428,13.4559,-1,-1,0000023CD87847A0,no ping error,639,68193,1
1754264924517,14.0518,-1,-1,0000023CD87847A0,no ping error,640,66249,1
1754264924611,15.4417,-1,-1,0000023CD87847A0,no ping error,641,69436,1
1754264924703,16.0284,-1,-1,0000023CD87847A0,no ping error,642,67889,1
1754264924795,15.2434,-1,-1,0000023CD87847A0,no ping error,643,66319,1
1754264924889,20.8192,-1,-1,0000023CD87847A0,no ping error,644,68123,1
1754264924982,14.6303,-1,-1,0000023CD87847A0,no ping error,645,66913,1
1754264925076,33.4971,-1,-1,0000023CD87847A0,no ping error,646,66781,1
1754264925184,14.2706,-1,-1,0000023CD87847A0,no ping error,647,70063,1
1754264925276,26.3742,-1,-1,0000023CD87847A0,no ping error,648,68033,1
1754264925371,18.7064,-1,-1,0000023CD87847A0,no ping error,649,69993,1
1754264925463,15.7053,-1,-1,0000023CD87847A0,no ping error,650,68620,1
1754264925556,17.284,-1,-1,0000023CD87847A0,no ping error,651,65872,1
1754264925650,11.638,-1,-1,0000023CD87847A0,no ping error,652,68913,1
1754264925741,29.7233,-1,-1,0000023CD87847A0,no ping error,653,68685,1
1754264925850,14.1669,-1,-1,0000023CD87847A0,no ping error,654,66079,1
1754264925943,15.4213,-1,-1,0000023CD87847A0,no ping error,655,68321,1
1754264926037,16.4783,-1,-1,0000023CD87847A0,no ping error,656,68711,1
1754264926129,13.8369,-1,-1,0000023CD87847A0,no ping error,657,67179,1
1754264926220,15.9391,-1,-1,0000023CD87847A0,no ping error,658,68871,1
1754264926312,14.2394,-1,-1,0000023CD87847A0,no ping error,659,68361,1
1754264926405,11.3773,-1,-1,0000023CD87847A0,no ping error,660,65872,1
1754264926483,16.7376,-1,-1,0000023CD87847A0,no ping error,661,67987,1
1754264926574,15.2128,-1,-1,0000023CD87847A0,no ping error,662,64596,1
1754264926668,15.1909,-1,-1,0000023CD87847A0,no ping error,663,67938,1
1754264926773,11.8731,-1,-1,0000023CD87847A0,no ping error,664,66822,1
1754264926854,15.2912,-1,-1,0000023CD87847A0,no ping error,665,67939,1
1754264926946,19.1626,-1,-1,0000023CD87847A0,no ping error,666,66449,1
1754264927040,12.7895,-1,-1,0000023CD87847A0,no ping error,667,67256,1
1754264927133,16.091,-1,-1,0000023CD87847A0,no ping error,668,67174,1
1754264927229,13.393,-1,-1,0000023CD87847A0,no ping error,669,67142,1
1754264927319,34.0249,-1,-1,0000023CD87847A0,no ping error,670,67714,1
1754264927426,11.726,-1,-1,0000023CD87847A0,no ping error,671,67640,1
1754264927505,16.6458,-1,-1,0000023CD87847A0,no ping error,672,66206,1
1754264927597,16.789,-1,-1,0000023CD87847A0,no ping error,673,66714,1
1754264927689,14.5772,-1,-1,0000023CD87847A0,no ping error,674,66576,1
1754264927782,20.621,-1,-1,0000023CD87847A0,no ping error,675,66582,1
1754264927874,13.2662,-1,-1,0000023CD87847A0,no ping error,676,67216,1
1754264927968,21.5243,-1,-1,0000023CD87847A0,no ping error,677,68375,1
1754264928062,15.9015,-1,-1,0000023CD87847A0,no ping error,678,67678,1
1754264928154,15.2851,-1,-1,0000023CD87847A0,no ping error,679,66702,1
1754264928248,12.0833,-1,-1,0000023CD87847A0,no ping error,680,68259,1
1754264928340,15.5454,-1,-1,0000023CD87847A0,no ping error,681,67516,1
1754264928433,15.9438,-1,-1,0000023CD87847A0,no ping error,682,67469,1
1754264928524,12.7442,-1,-1,0000023CD87847A0,no ping error,683,68011,1
1754264928618,21.9079,-1,-1,0000023CD87847A0,no ping error,684,67716,1
1754264928711,20.235,-1,-1,0000023CD87847A0,no ping error,685,67524,1
1754264928803,13.9278,-1,-1,0000023CD87847A0,no ping error,686,66596,1
1754264928899,14.2043,-1,-1,0000023CD87847A0,no ping error,687,67134,1
1754264928991,13.0673,-1,-1,0000023CD87847A0,no ping error,688,66952,1
1754264929085,23.8627,-1,-1,0000023CD87847A0,no ping error,689,67811,1
1754264929176,13.237,-1,-1,0000023CD87847A0,no ping error,690,65593,1
1754264929277,16.1953,-1,-1,0000023CD87847A0,no ping error,691,67622,1
1754264929366,10.3467,-1,-1,0000023CD87847A0,no ping error,692,67330,1
1754264929459,17.6524,-1,-1,0000023CD87847A0,no ping error,693,70215,1
1754264929548,13.8996,-1,-1,0000023CD87847A0,no ping error,694,67288,1
1754264929641,22.8591,-1,-1,0000023CD87847A0,no ping error,695,68792,1
1754264929736,16.2795,-1,-1,0000023CD87847A0,no ping error,696,69186,1
1754264929826,15.6962,-1,-1,0000023CD87847A0,no ping error,697,68548,1
1754264929920,14.3051,-1,-1,0000023CD87847A0,no ping error,698,67204,1
1754264930014,24.3427,-1,-1,0000023CD87847A0,no ping error,699,66944,1
1754264930106,14.6046,-1,-1,0000023CD87847A0,no ping error,700,66892,1
1754264930199,13.5572,-1,-1,0000023CD87847A0,no ping error,701,66068,1
1754264930291,12.6319,-1,-1,0000023CD87847A0,no ping error,702,66678,1
1754264930387,38.2253,-1,-1,0000023CD87847A0,no ping error,703,67611,1
1754264930493,12.3923,-1,-1,0000023CD87847A0,no ping error,704,66542,1
1754264930587,12.31,-1,-1,0000023CD87847A0,no ping error,705,69053,1
1754264930681,27.0307,-1,-1,0000023CD87847A0,no ping error,706,68958,1
1754264930786,12.7384,-1,-1,0000023CD87847A0,no ping error,707,65008,1
1754264930865,11.6021,-1,-1,0000023CD87847A0,no ping error,708,67337,1
1754264930944,12.3253,-1,-1,0000023CD87847A0,no ping error,709,68106,1
1754264931034,14.1425,-1,-1,0000023CD87847A0,no ping error,710,65320,1
1754264931127,16.8876,-1,-1,0000023CD87847A0,no ping error,711,67428,1
1754264931222,14.3604,-1,-1,0000023CD87847A0,no ping error,712,68371,1
1754264931313,15.5005,-1,-1,0000023CD87847A0,no ping error,713,66329,1
1754264931405,23.2942,-1,-1,0000023CD87847A0,no ping error,714,67122,1
1754264931499,18.8659,-1,-1,0000023CD87847A0,no ping error,715,65942,1
1754264931592,25.9233,-1,-1,0000023CD87847A0,no ping error,716,68572,1
1754264931697,16.4779,-1,-1,0000023CD87847A0,no ping error,717,66143,1
1754264931793,24.6645,-1,-1,0000023CD87847A0,no ping error,718,68801,1
1754264931885,12.6318,-1,-1,0000023CD87847A0,no ping error,719,68509,1
1754264931978,14.4135,-1,-1,0000023CD87847A0,no ping error,720,68170,1
1754264932071,13.7204,-1,-1,0000023CD87847A0,no ping error,721,66620,1
1754264932162,13.9335,-1,-1,0000023CD87847A0,no ping error,722,66537,1
1754264932256,15.6074,-1,-1,0000023CD87847A0,no ping error,723,66383,1
1754264932349,20.8869,-1,-1,0000023CD87847A0,no ping error,724,65679,1
1754264932440,11.0134,-1,-1,0000023CD87847A0,no ping error,725,66784,1
1754264932518,29.246,-1,-1,0000023CD87847A0,no ping error,726,68105,1
1754264932623,12.6937,-1,-1,0000023CD87847A0,no ping error,727,67614,1
1754264932716,18.785,-1,-1,0000023CD87847A0,no ping error,728,68842,1
1754264932810,13.7496,-1,-1,0000023CD87847A0,no ping error,729,65206,1
1754264932903,13.6168,-1,-1,0000023CD87847A0,no ping error,730,66904,1
1754264932995,14.8,-1,-1,0000023CD87847A0,no ping error,731,66089,1
1754264933086,15.661,-1,-1,0000023CD87847A0,no ping error,732,66769,1
1754264933178,13.29,-1,-1,0000023CD87847A0,no ping error,733,65350,1
1754264933272,21.1938,-1,-1,0000023CD87847A0,no ping error,734,68542,1
1754264933367,19.4704,-1,-1,0000023CD87847A0,no ping error,735,67662,1
1754264933459,25.7935,-1,-1,0000023CD87847A0,no ping error,736,68020,1
1754264933567,15.2309,-1,-1,0000023CD87847A0,no ping error,737,65489,1
1754264933657,16.6428,-1,-1,0000023CD87847A0,no ping error,738,65748,1
1754264933754,12.2699,-1,-1,0000023CD87847A0,no ping error,739,68673,1
1754264933843,20.6592,-1,-1,0000023CD87847A0,no ping error,740,69537,1
1754264933934,12.6174,-1,-1,0000023CD87847A0,no ping error,741,66096,1
1754264934014,16.1995,-1,-1,0000023CD87847A0,no ping error,742,69216,1
1754264934105,12.8965,-1,-1,0000023CD87847A0,no ping error,743,69256,1
1754264934200,17.8735,-1,-1,0000023CD87847A0,no ping error,744,67745,1
1754264934292,15.1108,-1,-1,0000023CD87847A0,no ping error,745,67629,1
1754264934384,15.3982,-1,-1,0000023CD87847A0,no ping error,746,67765,1
1754264934478,11.882,-1,-1,0000023CD87847A0,no ping error,747,68269,1
1754264934570,20.7264,-1,-1,0000023CD87847A0,no ping error,748,67268,1
1754264934665,21.3904,-1,-1,0000023CD87847A0,no ping error,749,67938,1
1754264934759,14.8245,-1,-1,0000023CD87847A0,no ping error,750,67714,1
1754264934850,12.5659,-1,-1,0000023CD87847A0,no ping error,751,66461,1
1754264934942,16.8902,-1,-1,0000023CD87847A0,no ping error,752,68017,1
1754264935037,22.1596,-1,-1,0000023CD87847A0,no ping error,753,66847,1
1754264935128,18.3312,-1,-1,0000023CD87847A0,no ping error,754,64808,1
1754264935222,13.2615,-1,-1,0000023CD87847A0,no ping error,755,67177,1
1754264935312,11.0993,-1,-1,0000023CD87847A0,no ping error,756,65266,1
1754264935418,14.8269,-1,-1,0000023CD87847A0,no ping error,757,65832,1
1754264935513,11.9243,-1,-1,0000023CD87847A0,no ping error,758,67598,1
1754264935592,16.2775,-1,-1,0000023CD87847A0,no ping error,759,69317,1
1754264935683,23.2667,-1,-1,0000023CD87847A0,no ping error,760,66522,1
1754264935780,16.4708,-1,-1,0000023CD87847A0,no ping error,761,67442,1
1754264935871,20.8797,-1,-1,0000023CD87847A0,no ping error,762,69191,1
1754264935962,13.9957,-1,-1,0000023CD87847A0,no ping error,763,66810,1
1754264936058,15.266,-1,-1,0000023CD87847A0,no ping error,764,66344,1
1754264936150,12.5651,-1,-1,0000023CD87847A0,no ping error,765,67390,1
1754264936244,16.2676,-1,-1,0000023CD87847A0,no ping error,766,66510,1
1754264936336,14.1883,-1,-1,0000023CD87847A0,no ping error,767,64812,1
1754264936430,18.8314,-1,-1,0000023CD87847A0,no ping error,768,68024,1
1754264936521,15.2626,-1,-1,0000023CD87847A0,no ping error,769,67450,1
1754264936615,15.3587,-1,-1,0000023CD87847A0,no ping error,770,67469,1
1754264936708,18.6966,-1,-1,0000023CD87847A0,no ping error,771,69681,1
1754264936815,15.9127,-1,-1,0000023CD87847A0,no ping error,772,68324,1
1754264936908,29.0076,-1,-1,0000023CD87847A0,no ping error,773,68594,1
1754264937015,14.5544,-1,-1,0000023CD87847A0,no ping error,774,65260,1
1754264937108,11.3184,-1,-1,0000023CD87847A0,no ping error,775,67264,1
1754264937186,13.9453,-1,-1,0000023CD87847A0,no ping error,776,66750,1
1754264937279,30.5986,-1,-1,0000023CD87847A0,no ping error,777,69968,1
1754264937387,14.5709,-1,-1,0000023CD87847A0,no ping error,778,66053,1
1754264937479,13.8506,-1,-1,0000023CD87847A0,no ping error,779,67378,1
1754264937573,14.8831,-1,-1,0000023CD87847A0,no ping error,780,67843,1
1754264937667,16.2413,-1,-1,0000023CD87847A0,no ping error,781,67597,1
1754264937758,11.443,-1,-1,0000023CD87847A0,no ping error,782,67643,1
1754264937838,16.8485,-1,-1,0000023CD87847A0,no ping error,783,66086,1
1754264937933,13.9079,-1,-1,0000023CD87847A0,no ping error,784,65795,1
1754264938023,11.9184,-1,-1,0000023CD87847A0,no ping error,785,68035,1
1754264938116,19.6476,-1,-1,0000023CD87847A0,no ping error,786,67139,1
1754264938210,17.0427,-1,-1,0000023CD87847A0,no ping error,787,68188,1
1754264938300,14.107,-1,-1,0000023CD87847A0,no ping error,788,66152,1
1754264938390,18.641,-1,-1,0000023CD87847A0,no ping error,789,67370,1
1754264938483,12.062,-1,-1,0000023CD87847A0,no ping error,790,66808,1
1754264938574,11.8223,-1,-1,0000023CD87847A0,no ping error,791,67216,1
1754264938653,13.0403,-1,-1,0000023CD87847A0,no ping error,792,67522,1
1754264938745,21.7053,-1,-1,0000023CD87847A0,no ping error,793,64220,1
1754264938840,27.4774,-1,-1,0000023CD87847A0,no ping error,794,67535,1
1754264938949,12.9507,-1,-1,0000023CD87847A0,no ping error,795,68358,1
1754264939043,13.4736,-1,-1,0000023CD87847A0,no ping error,796,68196,1
1754264939134,18.3077,-1,-1,0000023CD87847A0,no ping error,797,65694,1
1754264939228,15.9625,-1,-1,0000023CD87847A0,no ping error,798,66567,1
1754264939320,20.1946,-1,-1,0000023CD87847A0,no ping error,799,65799,1
1754264939412,13.2149,-1,-1,0000023CD87847A0,no ping error,800,67823,1
1754264939507,19.5009,-1,-1,0000023CD87847A0,no ping error,801,67097,1
1754264939599,15.1576,-1,-1,0000023CD87847A0,no ping error,802,67098,1
1754264939692,20.7118,-1,-1,0000023CD87847A0,no ping error,803,67049,1
1754264939784,21.8664,-1,-1,0000023CD87847A0,no ping error,804,66651,1
1754264939876,21.1254,-1,-1,0000023CD87847A0,no ping error,805,67227,1
1754264939969,15.6462,-1,-1,0000023CD87847A0,no ping error,806,66443,1
1754264940061,12.3261,-1,-1,0000023CD87847A0,no ping error,807,67300,1
1754264940138,18.0153,-1,-1,0000023CD87847A0,no ping error,808,67963,1
1754264940233,12.8452,-1,-1,0000023CD87847A0,no ping error,809,67595,1
1754264940324,17.0895,-1,-1,0000023CD87847A0,no ping error,810,65158,1
1754264940418,14.171,-1,-1,0000023CD87847A0,no ping error,811,67541,1
1754264940510,18.8162,-1,-1,0000023CD87847A0,no ping error,812,66189,1
1754264940602,11.0236,-1,-1,0000023CD87847A0,no ping error,813,66708,1
1754264940681,28.14,-1,-1,0000023CD87847A0,no ping error,814,66482,1
1754264940789,20.027,-1,-1,0000023CD87847A0,no ping error,815,67745,1
1754264940882,12.1537,-1,-1,0000023CD87847A0,no ping error,816,66884,1
1754264940976,21.0551,-1,-1,0000023CD87847A0,no ping error,817,66077,1
1754264941067,16.1284,-1,-1,0000023CD87847A0,no ping error,818,65164,1
1754264941160,24.5905,-1,-1,0000023CD87847A0,no ping error,819,68067,1
1754264941253,30.1861,-1,-1,0000023CD87847A0,no ping error,820,66208,1
1754264941363,13.5927,-1,-1,0000023CD87847A0,no ping error,821,65930,1
1754264941455,16.0127,-1,-1,0000023CD87847A0,no ping error,822,65476,1
1754264941547,13.6782,-1,-1,0000023CD87847A0,no ping error,823,68037,1
1754264941641,13.4707,-1,-1,0000023CD87847A0,no ping error,824,68187,1
1754264941733,12.1297,-1,-1,0000023CD87847A0,no ping error,825,66240,1
